{"cameraMode":{"drawMode":0,"name":"Shaded","section":"Shading Mode"},"sceneLighting":true,"audioPlay":false,"sceneViewState":{"m_AlwaysRefresh":false,"showFog":true,"showSkybox":true,"showFlares":true,"showImageEffects":true,"showParticleSystems":true,"showVisualEffectGraphs":true,"m_FxEnabled":true},"in2DMode":false,"pivot":{"x":6.037742614746094,"y":-0.44473451375961306,"z":-4.361066818237305},"rotation":{"x":-0.11201705783605576,"y":-0.47325459122657778,"z":0.06081816554069519,"w":-0.8716596364974976},"size":7.1632890701293949,"orthographic":false}