{"cameraMode":{"drawMode":0,"name":"Shaded","section":"Shading Mode"},"sceneLighting":true,"audioPlay":false,"sceneViewState":{"m_AlwaysRefresh":false,"showFog":true,"showSkybox":true,"showFlares":true,"showImageEffects":true,"showParticleSystems":true,"showVisualEffectGraphs":true,"m_FxEnabled":true},"in2DMode":false,"pivot":{"x":3.7090067863464357,"y":1.8492521047592164,"z":0.5441519618034363},"rotation":{"x":-0.08557627350091934,"y":0.7996414303779602,"z":-0.11742092669010163,"w":-0.5826597809791565},"size":0.8660253882408142,"orthographic":false}